chapter, name, actual
1, Characteristics of Life, 1
2, Chemistry of Life, 2-3

46=population ecology (5)
47=community ecology (6)
48=ecosystem (4, 7)
49=biosphere (3)

4-5=cell structure and function (8)
6-7=metabolism and photosynthesis (9)
8=cell resp (10)
9=cell cycle (11)
10-11=meiosis and inheritance (12)

13=13 dna structure and function
14-15=gene regulation and expression (14)

16=human genome(15) (need to find questions for this topic prob from ap textbook)

16=16 biotech

17=17 darwin
18=18 evolution of populations
20=classification (19)
19=history of life (20)
